Method;Job;AnalyzeLaunchVariance;EvaluateOverhead;MaxAbsoluteError;MaxRelativeError;MinInvokeCount;MinIterationTime;OutlierMode;Affinity;EnvironmentVariables;Jit;LargeAddressAware;Platform;PowerPlanMode;Runtime;AllowVeryLargeObjects;Concurrent;CpuGroups;Force;HeapAffinitizeMask;HeapCount;NoAffinitize;RetainVm;Server;Arguments;BuildConfiguration;Clock;EngineFactory;NuGetReferences;Toolchain;IsMutator;InvocationCount;IterationCount;IterationTime;LaunchCount;MaxIterationCount;MaxWarmupIterationCount;MemoryRandomization;MinIterationCount;MinWarmupIterationCount;RunStrategy;UnrollFactor;WarmupCount;Threads;A;B;Mean;Error;StdDev;Median;Gen0;Gen1;Gen2;Allocated
CpuBoundMetricAdd;DefaultJob;False;Default;Default;Default;Default;Default;Default;11111111111111111111111111111111;Empty;RyuJit;Default;X64;8c5e7fda-e8bf-4a96-9a85-a6e23a8c635c;.NET 7.0;False;True;False;True;Default;Default;False;False;False;Default;Default;Default;Default;Default;Default;Default;Default;Default;Default;Default;Default;Default;Default;Default;Default;Default;16;Default;100;9999999999;4444444444;27.34 μs;0.320 μs;0.300 μs;27.42 μs;0.4883;0.0000;0.0000;9.45 KB
CpuBoundMetricMulti;DefaultJob;False;Default;Default;Default;Default;Default;Default;11111111111111111111111111111111;Empty;RyuJit;Default;X64;8c5e7fda-e8bf-4a96-9a85-a6e23a8c635c;.NET 7.0;False;True;False;True;Default;Default;False;False;False;Default;Default;Default;Default;Default;Default;Default;Default;Default;Default;Default;Default;Default;Default;Default;Default;Default;16;Default;100;9999999999;4444444444;26.07 μs;0.311 μs;0.291 μs;26.12 μs;0.4883;0.0000;0.0000;9.47 KB
CpuBoundMetricSuperPower;DefaultJob;False;Default;Default;Default;Default;Default;Default;11111111111111111111111111111111;Empty;RyuJit;Default;X64;8c5e7fda-e8bf-4a96-9a85-a6e23a8c635c;.NET 7.0;False;True;False;True;Default;Default;False;False;False;Default;Default;Default;Default;Default;Default;Default;Default;Default;Default;Default;Default;Default;Default;Default;Default;Default;16;Default;100;9999999999;4444444444;27.30 μs;0.330 μs;0.308 μs;27.32 μs;0.4883;0.0000;0.0000;9.44 KB
CpuBoundMetricSuperRoot;DefaultJob;False;Default;Default;Default;Default;Default;Default;11111111111111111111111111111111;Empty;RyuJit;Default;X64;8c5e7fda-e8bf-4a96-9a85-a6e23a8c635c;.NET 7.0;False;True;False;True;Default;Default;False;False;False;Default;Default;Default;Default;Default;Default;Default;Default;Default;Default;Default;Default;Default;Default;Default;Default;Default;16;Default;100;9999999999;4444444444;27.09 μs;0.244 μs;0.228 μs;27.14 μs;0.4883;0.0000;0.0000;9.49 KB
RamBoundMetric;DefaultJob;False;Default;Default;Default;Default;Default;Default;11111111111111111111111111111111;Empty;RyuJit;Default;X64;8c5e7fda-e8bf-4a96-9a85-a6e23a8c635c;.NET 7.0;False;True;False;True;Default;Default;False;False;False;Default;Default;Default;Default;Default;Default;Default;Default;Default;Default;Default;Default;Default;Default;Default;Default;Default;16;Default;100;9999999999;4444444444;"15,843.70 μs";302.373 μs;282.840 μs;"15,919.08 μs";125.0000;93.7500;0.0000;2794.25 KB
CpuBoundMetricAdd;DefaultJob;False;Default;Default;Default;Default;Default;Default;11111111111111111111111111111111;Empty;RyuJit;Default;X64;8c5e7fda-e8bf-4a96-9a85-a6e23a8c635c;.NET 7.0;False;True;False;True;Default;Default;False;False;False;Default;Default;Default;Default;Default;Default;Default;Default;Default;Default;Default;Default;Default;Default;Default;Default;Default;16;Default;1000;9999999999;4444444444;270.58 μs;5.376 μs;11.571 μs;275.69 μs;4.3945;0.4883;0.0000;86.8 KB
CpuBoundMetricMulti;DefaultJob;False;Default;Default;Default;Default;Default;Default;11111111111111111111111111111111;Empty;RyuJit;Default;X64;8c5e7fda-e8bf-4a96-9a85-a6e23a8c635c;.NET 7.0;False;True;False;True;Default;Default;False;False;False;Default;Default;Default;Default;Default;Default;Default;Default;Default;Default;Default;Default;Default;Default;Default;Default;Default;16;Default;1000;9999999999;4444444444;269.65 μs;0.764 μs;0.714 μs;269.74 μs;4.3945;0.4883;0.0000;86.76 KB
CpuBoundMetricSuperPower;DefaultJob;False;Default;Default;Default;Default;Default;Default;11111111111111111111111111111111;Empty;RyuJit;Default;X64;8c5e7fda-e8bf-4a96-9a85-a6e23a8c635c;.NET 7.0;False;True;False;True;Default;Default;False;False;False;Default;Default;Default;Default;Default;Default;Default;Default;Default;Default;Default;Default;Default;Default;Default;Default;Default;16;Default;1000;9999999999;4444444444;271.61 μs;5.273 μs;7.217 μs;274.36 μs;4.3945;0.4883;0.0000;86.8 KB
CpuBoundMetricSuperRoot;DefaultJob;False;Default;Default;Default;Default;Default;Default;11111111111111111111111111111111;Empty;RyuJit;Default;X64;8c5e7fda-e8bf-4a96-9a85-a6e23a8c635c;.NET 7.0;False;True;False;True;Default;Default;False;False;False;Default;Default;Default;Default;Default;Default;Default;Default;Default;Default;Default;Default;Default;Default;Default;Default;Default;16;Default;1000;9999999999;4444444444;283.56 μs;1.330 μs;1.244 μs;283.97 μs;4.3945;0.4883;0.0000;86.8 KB
RamBoundMetric;DefaultJob;False;Default;Default;Default;Default;Default;Default;11111111111111111111111111111111;Empty;RyuJit;Default;X64;8c5e7fda-e8bf-4a96-9a85-a6e23a8c635c;.NET 7.0;False;True;False;True;Default;Default;False;False;False;Default;Default;Default;Default;Default;Default;Default;Default;Default;Default;Default;Default;Default;Default;Default;Default;Default;16;Default;1000;9999999999;4444444444;"30,603.85 μs";470.521 μs;440.126 μs;"30,676.11 μs";1500.0000;1468.7500;0.0000;27938 KB
CpuBoundMetricAdd;DefaultJob;False;Default;Default;Default;Default;Default;Default;11111111111111111111111111111111;Empty;RyuJit;Default;X64;8c5e7fda-e8bf-4a96-9a85-a6e23a8c635c;.NET 7.0;False;True;False;True;Default;Default;False;False;False;Default;Default;Default;Default;Default;Default;Default;Default;Default;Default;Default;Default;Default;Default;Default;Default;Default;16;Default;10000;9999999999;4444444444;"2,402.48 μs";12.509 μs;11.701 μs;"2,400.09 μs";78.1250;74.2188;39.0625;959.84 KB
CpuBoundMetricMulti;DefaultJob;False;Default;Default;Default;Default;Default;Default;11111111111111111111111111111111;Empty;RyuJit;Default;X64;8c5e7fda-e8bf-4a96-9a85-a6e23a8c635c;.NET 7.0;False;True;False;True;Default;Default;False;False;False;Default;Default;Default;Default;Default;Default;Default;Default;Default;Default;Default;Default;Default;Default;Default;Default;Default;16;Default;10000;9999999999;4444444444;"2,421.67 μs";46.773 μs;45.938 μs;"2,443.47 μs";78.1250;74.2188;39.0625;959.84 KB
CpuBoundMetricSuperPower;DefaultJob;False;Default;Default;Default;Default;Default;Default;11111111111111111111111111111111;Empty;RyuJit;Default;X64;8c5e7fda-e8bf-4a96-9a85-a6e23a8c635c;.NET 7.0;False;True;False;True;Default;Default;False;False;False;Default;Default;Default;Default;Default;Default;Default;Default;Default;Default;Default;Default;Default;Default;Default;Default;Default;16;Default;10000;9999999999;4444444444;"2,334.16 μs";7.264 μs;6.794 μs;"2,335.51 μs";78.1250;74.2188;39.0625;959.93 KB
CpuBoundMetricSuperRoot;DefaultJob;False;Default;Default;Default;Default;Default;Default;11111111111111111111111111111111;Empty;RyuJit;Default;X64;8c5e7fda-e8bf-4a96-9a85-a6e23a8c635c;.NET 7.0;False;True;False;True;Default;Default;False;False;False;Default;Default;Default;Default;Default;Default;Default;Default;Default;Default;Default;Default;Default;Default;Default;Default;Default;16;Default;10000;9999999999;4444444444;"2,390.97 μs";12.817 μs;10.703 μs;"2,393.65 μs";78.1250;74.2188;39.0625;959.83 KB
RamBoundMetric;DefaultJob;False;Default;Default;Default;Default;Default;Default;11111111111111111111111111111111;Empty;RyuJit;Default;X64;8c5e7fda-e8bf-4a96-9a85-a6e23a8c635c;.NET 7.0;False;True;False;True;Default;Default;False;False;False;Default;Default;Default;Default;Default;Default;Default;Default;Default;Default;Default;Default;Default;Default;Default;Default;Default;16;Default;10000;9999999999;4444444444;"111,485.12 μs";"2,157.070 μs";"1,684.098 μs";"111,369.28 μs";15200.0000;15000.0000;0.0000;279375.63 KB
